,Page_Name,Page_Profile_Link,Page_Address,From_Extracted
0,Guangzhou Computer Photocopier Printer Repair,https://www.yello.ae//company/350673/guangzhou-computer-photocopier-printer-repair-duba,"Address: Office No. 301, 3rd Floor, Janayen Holding Limited, Al Qouz 3rd , Dubai, UAE",https://www.yello.ae/category/computer-services?page=1
1,Shahriari Computer Trading Co LLC,https://www.yello.ae//company/67743/shahriari-computer-trading-co-llc,"Address: Naif Rd - Naif, Box No. 4070, Dubai, UAE",https://www.yello.ae/category/computer-services?page=1
2,Al Tasami Computer & Elect Devices Maint,https://www.yello.ae//company/189065/al-tasami-computerelect-devices-maint,"Address: PO Box No 19693, Butina Street Opposite Zulekha Hospital, Sharjah, UAE",https://www.yello.ae/category/computer-services?page=1
3,Alayoubi Technologies | Smart Home Automation,https://www.yello.ae//company/350543/alayoubi-technologies-llc,"Address: M Hotel Downtown by Millennium Dubai Office #405, UAE",https://www.yello.ae/category/computer-services?page=1
4,NIP Trading LLC,https://www.yello.ae//company/49242/n-i-p-trading-llc,"Address: Block Al Raffa, Bur Dubai , Near Hyde Park Hotel ,Dubai , UAE",https://www.yello.ae/category/computer-services?page=1
5,Al-shakhsiah Computer Devices Tr.,https://www.yello.ae//company/346091/al-shakhsiah-computer-devices-tr,"Address: Bu Tena - Al Sharq, Sharjah, UAE",https://www.yello.ae/category/computer-services?page=1
6,CCTV Cameras Installation,https://www.yello.ae//company/354599/al-saqer-warningcontrol-devices-tr-llc,"Address: Office No.3 Building No.1308 Behind Wesgreen School,Muwaileh Commercial, Sharjah, UAE",https://www.yello.ae/category/computer-services?page=1
7,Sunrise Computer & Network LLC ,https://www.yello.ae//company/348858/sunrise-computernetwork-llc,"Address: Near Emirates Future School , Shayabiya ME-10, Mussafah., Abu Dhabi, UAE",https://www.yello.ae/category/computer-services?page=1
8,Best Net International Trading LLC,https://www.yello.ae//company/94639/best-net-international-trading-llc,"Address:  21 Al Nahdha St - Al Fahidi, Dubai, UAE",https://www.yello.ae/category/computer-services?page=1
9,Realnet Technology Trading LLC,https://www.yello.ae//company/300913/realnet-technology-trading,"Address:  20 Al Nahdha St - Al Fahidi, Dubai, UAE",https://www.yello.ae/category/computer-services?page=1
10,Elecsys Integration LLC,https://www.yello.ae//company/300999/elecsys-integration-llc,"Address: P.O. Box: 98981, Dubai, UAE",https://www.yello.ae/category/computer-services?page=1
11,Logical Network Solutions,https://www.yello.ae//company/345135/logical-network-solutions,"Address: Office 1903 Tamani Arts Offices Business, Dubai, UAE",https://www.yello.ae/category/computer-services?page=1
12,Impulse Technologies LLC,https://www.yello.ae//company/355016/impulse-technologies-llc,"Address: international city, china cluster, E-02  Dubai-UAE",https://www.yello.ae/category/computer-services?page=1
13,Delicate Software Solutions,https://www.yello.ae//company/317492/delicate-software-solutions,"Address: Dubai, UAE",https://www.yello.ae/category/computer-services?page=1
14,GloTech System L.L.C,https://www.yello.ae//company/344830/glotech-system-llc,"Address: P.O.Box:- 241529, Dubai, UAE",https://www.yello.ae/category/computer-services?page=1
15,Interlink Technology LLC,https://www.yello.ae//company/347822/interlink-technology-llc,"Address: Hamdan Street Behind Emirates Market, Abu Dhabi, UAE",https://www.yello.ae/category/computer-services?page=1
16,iPad Rental Dubai - Techno Edge Systems L.L.C,https://www.yello.ae//company/351647/ipad-rental-dubai-techno-edge-systems-llc,"Address: Office No 5, 3rd Floor, Suk Al Kabeer Building Computer Street,Al Raffa Police Station Road., Dubai, UAE",https://www.yello.ae/category/computer-services?page=1
17,Shibaam Computers LLC,https://www.yello.ae//company/347399/shibaam-computers-llc,"Address: Sm4, Mezzanine Floor, Deira Towers, Opp. Baniyas Metro Station. , Dubai, UAE",https://www.yello.ae/category/computer-services?page=1
18,"Trionix - Development, Design, Digital Marketing",https://www.yello.ae//company/353925/trionix-development-design-digital-marketing,"Address: Hamdan Street, Abu Dhabi, UAE",https://www.yello.ae/category/computer-services?page=1
19,Mobisat IT Solution,https://www.yello.ae//company/344163/mobisat-it-solution,"Address: 104, Al Makhawi Building Oud Metha, Dubai, UAE",https://www.yello.ae/category/computer-services?page=1
20,Appleforce,https://www.yello.ae//company/357906/appleforce,"Address: ComNet International L.L.C Shop 13 & 14 Bayat Center Buil Bur Dubai, UAE",https://www.yello.ae/category/computer-services?page=1
21,Emirates Portal IT solutions,https://www.yello.ae//company/347867/emirates-portal-it-solutions,"Address: ME10 - 66th Street - Building No 2 - Office No M3, Abu Dhabi, UAE",https://www.yello.ae/category/computer-services?page=1
22,Landex Technologies LLC,https://www.yello.ae//company/89840/landex-technologies-llc,"Address: Box No. 16110, Dubai, UAE",https://www.yello.ae/category/computer-services?page=1
23,SanPaul International LLC,https://www.yello.ae//company/347184/sanpaul-it-is-l-l-c,"Address: Warehouse # 31A Al Qouz 2, Dubai, Near Jotun Paint Factory., UAE",https://www.yello.ae/category/computer-services?page=1
24,Al Furqan Computers,https://www.yello.ae//company/94502/al-furqan-computers,"Address: P.O Box: 63936, Deira, Dubai, UAE",https://www.yello.ae/category/computer-services?page=1
25,TouchActiv Glass Works LLC,https://www.yello.ae//company/349451/touchactiv-glass-works-llc,"Address: Rasal Khor Industrial Area 1, Dubai, UAE",https://www.yello.ae/category/computer-services?page=1
26,Future Art Broadcast Trading LLC,https://www.yello.ae//company/47315/future-art-broadcast-trading-llc,"Address: Box No. 98722, Dubai, UAE",https://www.yello.ae/category/computer-services?page=1
27,UBER FZCO,https://www.yello.ae//company/106836/uber-fze,"Address: Gate No. 5, South Side, Jebel Ali Freezone (JAFZ), Jebel Ali Free Zone (JAFZ), UAE",https://www.yello.ae/category/computer-services?page=1
28,Chipin Corporation,https://www.yello.ae//company/348264/chipin-corporation,"Address: M2, Park View Building, Al Majaz 2, Sharjah, UAE",https://www.yello.ae/category/computer-services?page=1
29,Guangzhou Computer Photocopier Printer Repair,https://www.yello.ae//company/350673/guangzhou-computer-photocopier-printer-repair-duba,"Address: Office No. 301, 3rd Floor, Janayen Holding Limited, Al Qouz 3rd , Dubai, UAE",https://www.yello.ae/category/computer-services?page=2
30,Shahriari Computer Trading Co LLC,https://www.yello.ae//company/67743/shahriari-computer-trading-co-llc,"Address: Naif Rd - Naif, Box No. 4070, Dubai, UAE",https://www.yello.ae/category/computer-services?page=2
31,Al Tasami Computer & Elect Devices Maint,https://www.yello.ae//company/189065/al-tasami-computerelect-devices-maint,"Address: PO Box No 19693, Butina Street Opposite Zulekha Hospital, Sharjah, UAE",https://www.yello.ae/category/computer-services?page=2
32,Alayoubi Technologies | Smart Home Automation,https://www.yello.ae//company/350543/alayoubi-technologies-llc,"Address: M Hotel Downtown by Millennium Dubai Office #405, UAE",https://www.yello.ae/category/computer-services?page=2
33,NIP Trading LLC,https://www.yello.ae//company/49242/n-i-p-trading-llc,"Address: Block Al Raffa, Bur Dubai , Near Hyde Park Hotel ,Dubai , UAE",https://www.yello.ae/category/computer-services?page=2
34,Al-shakhsiah Computer Devices Tr.,https://www.yello.ae//company/346091/al-shakhsiah-computer-devices-tr,"Address: Bu Tena - Al Sharq, Sharjah, UAE",https://www.yello.ae/category/computer-services?page=2
35,CCTV Cameras Installation,https://www.yello.ae//company/354599/al-saqer-warningcontrol-devices-tr-llc,"Address: Office No.3 Building No.1308 Behind Wesgreen School,Muwaileh Commercial, Sharjah, UAE",https://www.yello.ae/category/computer-services?page=2
36,Sunrise Computer & Network LLC ,https://www.yello.ae//company/348858/sunrise-computernetwork-llc,"Address: Near Emirates Future School , Shayabiya ME-10, Mussafah., Abu Dhabi, UAE",https://www.yello.ae/category/computer-services?page=2
37,Best Net International Trading LLC,https://www.yello.ae//company/94639/best-net-international-trading-llc,"Address:  21 Al Nahdha St - Al Fahidi, Dubai, UAE",https://www.yello.ae/category/computer-services?page=2
38,Realnet Technology Trading LLC,https://www.yello.ae//company/300913/realnet-technology-trading,"Address:  20 Al Nahdha St - Al Fahidi, Dubai, UAE",https://www.yello.ae/category/computer-services?page=2
39,Elecsys Integration LLC,https://www.yello.ae//company/300999/elecsys-integration-llc,"Address: P.O. Box: 98981, Dubai, UAE",https://www.yello.ae/category/computer-services?page=2
40,Logical Network Solutions,https://www.yello.ae//company/345135/logical-network-solutions,"Address: Office 1903 Tamani Arts Offices Business, Dubai, UAE",https://www.yello.ae/category/computer-services?page=2
41,Impulse Technologies LLC,https://www.yello.ae//company/355016/impulse-technologies-llc,"Address: international city, china cluster, E-02  Dubai-UAE",https://www.yello.ae/category/computer-services?page=2
42,Delicate Software Solutions,https://www.yello.ae//company/317492/delicate-software-solutions,"Address: Dubai, UAE",https://www.yello.ae/category/computer-services?page=2
43,GloTech System L.L.C,https://www.yello.ae//company/344830/glotech-system-llc,"Address: P.O.Box:- 241529, Dubai, UAE",https://www.yello.ae/category/computer-services?page=2
44,Interlink Technology LLC,https://www.yello.ae//company/347822/interlink-technology-llc,"Address: Hamdan Street Behind Emirates Market, Abu Dhabi, UAE",https://www.yello.ae/category/computer-services?page=2
45,iPad Rental Dubai - Techno Edge Systems L.L.C,https://www.yello.ae//company/351647/ipad-rental-dubai-techno-edge-systems-llc,"Address: Office No 5, 3rd Floor, Suk Al Kabeer Building Computer Street,Al Raffa Police Station Road., Dubai, UAE",https://www.yello.ae/category/computer-services?page=2
46,Shibaam Computers LLC,https://www.yello.ae//company/347399/shibaam-computers-llc,"Address: Sm4, Mezzanine Floor, Deira Towers, Opp. Baniyas Metro Station. , Dubai, UAE",https://www.yello.ae/category/computer-services?page=2
47,"Trionix - Development, Design, Digital Marketing",https://www.yello.ae//company/353925/trionix-development-design-digital-marketing,"Address: Hamdan Street, Abu Dhabi, UAE",https://www.yello.ae/category/computer-services?page=2
48,Mobisat IT Solution,https://www.yello.ae//company/344163/mobisat-it-solution,"Address: 104, Al Makhawi Building Oud Metha, Dubai, UAE",https://www.yello.ae/category/computer-services?page=2
49,Appleforce,https://www.yello.ae//company/357906/appleforce,"Address: ComNet International L.L.C Shop 13 & 14 Bayat Center Buil Bur Dubai, UAE",https://www.yello.ae/category/computer-services?page=2
50,Emirates Portal IT solutions,https://www.yello.ae//company/347867/emirates-portal-it-solutions,"Address: ME10 - 66th Street - Building No 2 - Office No M3, Abu Dhabi, UAE",https://www.yello.ae/category/computer-services?page=2
51,Landex Technologies LLC,https://www.yello.ae//company/89840/landex-technologies-llc,"Address: Box No. 16110, Dubai, UAE",https://www.yello.ae/category/computer-services?page=2
52,SanPaul International LLC,https://www.yello.ae//company/347184/sanpaul-it-is-l-l-c,"Address: Warehouse # 31A Al Qouz 2, Dubai, Near Jotun Paint Factory., UAE",https://www.yello.ae/category/computer-services?page=2
53,Al Furqan Computers,https://www.yello.ae//company/94502/al-furqan-computers,"Address: P.O Box: 63936, Deira, Dubai, UAE",https://www.yello.ae/category/computer-services?page=2
54,TouchActiv Glass Works LLC,https://www.yello.ae//company/349451/touchactiv-glass-works-llc,"Address: Rasal Khor Industrial Area 1, Dubai, UAE",https://www.yello.ae/category/computer-services?page=2
55,Future Art Broadcast Trading LLC,https://www.yello.ae//company/47315/future-art-broadcast-trading-llc,"Address: Box No. 98722, Dubai, UAE",https://www.yello.ae/category/computer-services?page=2
56,UBER FZCO,https://www.yello.ae//company/106836/uber-fze,"Address: Gate No. 5, South Side, Jebel Ali Freezone (JAFZ), Jebel Ali Free Zone (JAFZ), UAE",https://www.yello.ae/category/computer-services?page=2
57,Chipin Corporation,https://www.yello.ae//company/348264/chipin-corporation,"Address: M2, Park View Building, Al Majaz 2, Sharjah, UAE",https://www.yello.ae/category/computer-services?page=2
58,Guangzhou Computer Photocopier Printer Repair,https://www.yello.ae//company/350673/guangzhou-computer-photocopier-printer-repair-duba,"Address: Office No. 301, 3rd Floor, Janayen Holding Limited, Al Qouz 3rd , Dubai, UAE",https://www.yello.ae/category/computer-services?page=3
59,Shahriari Computer Trading Co LLC,https://www.yello.ae//company/67743/shahriari-computer-trading-co-llc,"Address: Naif Rd - Naif, Box No. 4070, Dubai, UAE",https://www.yello.ae/category/computer-services?page=3
60,Al Tasami Computer & Elect Devices Maint,https://www.yello.ae//company/189065/al-tasami-computerelect-devices-maint,"Address: PO Box No 19693, Butina Street Opposite Zulekha Hospital, Sharjah, UAE",https://www.yello.ae/category/computer-services?page=3
61,Alayoubi Technologies | Smart Home Automation,https://www.yello.ae//company/350543/alayoubi-technologies-llc,"Address: M Hotel Downtown by Millennium Dubai Office #405, UAE",https://www.yello.ae/category/computer-services?page=3
62,NIP Trading LLC,https://www.yello.ae//company/49242/n-i-p-trading-llc,"Address: Block Al Raffa, Bur Dubai , Near Hyde Park Hotel ,Dubai , UAE",https://www.yello.ae/category/computer-services?page=3
63,Al-shakhsiah Computer Devices Tr.,https://www.yello.ae//company/346091/al-shakhsiah-computer-devices-tr,"Address: Bu Tena - Al Sharq, Sharjah, UAE",https://www.yello.ae/category/computer-services?page=3
64,CCTV Cameras Installation,https://www.yello.ae//company/354599/al-saqer-warningcontrol-devices-tr-llc,"Address: Office No.3 Building No.1308 Behind Wesgreen School,Muwaileh Commercial, Sharjah, UAE",https://www.yello.ae/category/computer-services?page=3
65,Sunrise Computer & Network LLC ,https://www.yello.ae//company/348858/sunrise-computernetwork-llc,"Address: Near Emirates Future School , Shayabiya ME-10, Mussafah., Abu Dhabi, UAE",https://www.yello.ae/category/computer-services?page=3
66,Best Net International Trading LLC,https://www.yello.ae//company/94639/best-net-international-trading-llc,"Address:  21 Al Nahdha St - Al Fahidi, Dubai, UAE",https://www.yello.ae/category/computer-services?page=3
67,Realnet Technology Trading LLC,https://www.yello.ae//company/300913/realnet-technology-trading,"Address:  20 Al Nahdha St - Al Fahidi, Dubai, UAE",https://www.yello.ae/category/computer-services?page=3
68,Elecsys Integration LLC,https://www.yello.ae//company/300999/elecsys-integration-llc,"Address: P.O. Box: 98981, Dubai, UAE",https://www.yello.ae/category/computer-services?page=3
69,Logical Network Solutions,https://www.yello.ae//company/345135/logical-network-solutions,"Address: Office 1903 Tamani Arts Offices Business, Dubai, UAE",https://www.yello.ae/category/computer-services?page=3
70,Impulse Technologies LLC,https://www.yello.ae//company/355016/impulse-technologies-llc,"Address: international city, china cluster, E-02  Dubai-UAE",https://www.yello.ae/category/computer-services?page=3
71,Delicate Software Solutions,https://www.yello.ae//company/317492/delicate-software-solutions,"Address: Dubai, UAE",https://www.yello.ae/category/computer-services?page=3
72,GloTech System L.L.C,https://www.yello.ae//company/344830/glotech-system-llc,"Address: P.O.Box:- 241529, Dubai, UAE",https://www.yello.ae/category/computer-services?page=3
73,Interlink Technology LLC,https://www.yello.ae//company/347822/interlink-technology-llc,"Address: Hamdan Street Behind Emirates Market, Abu Dhabi, UAE",https://www.yello.ae/category/computer-services?page=3
74,iPad Rental Dubai - Techno Edge Systems L.L.C,https://www.yello.ae//company/351647/ipad-rental-dubai-techno-edge-systems-llc,"Address: Office No 5, 3rd Floor, Suk Al Kabeer Building Computer Street,Al Raffa Police Station Road., Dubai, UAE",https://www.yello.ae/category/computer-services?page=3
75,Shibaam Computers LLC,https://www.yello.ae//company/347399/shibaam-computers-llc,"Address: Sm4, Mezzanine Floor, Deira Towers, Opp. Baniyas Metro Station. , Dubai, UAE",https://www.yello.ae/category/computer-services?page=3
76,"Trionix - Development, Design, Digital Marketing",https://www.yello.ae//company/353925/trionix-development-design-digital-marketing,"Address: Hamdan Street, Abu Dhabi, UAE",https://www.yello.ae/category/computer-services?page=3
77,Mobisat IT Solution,https://www.yello.ae//company/344163/mobisat-it-solution,"Address: 104, Al Makhawi Building Oud Metha, Dubai, UAE",https://www.yello.ae/category/computer-services?page=3
78,Appleforce,https://www.yello.ae//company/357906/appleforce,"Address: ComNet International L.L.C Shop 13 & 14 Bayat Center Buil Bur Dubai, UAE",https://www.yello.ae/category/computer-services?page=3
79,Emirates Portal IT solutions,https://www.yello.ae//company/347867/emirates-portal-it-solutions,"Address: ME10 - 66th Street - Building No 2 - Office No M3, Abu Dhabi, UAE",https://www.yello.ae/category/computer-services?page=3
80,Landex Technologies LLC,https://www.yello.ae//company/89840/landex-technologies-llc,"Address: Box No. 16110, Dubai, UAE",https://www.yello.ae/category/computer-services?page=3
81,SanPaul International LLC,https://www.yello.ae//company/347184/sanpaul-it-is-l-l-c,"Address: Warehouse # 31A Al Qouz 2, Dubai, Near Jotun Paint Factory., UAE",https://www.yello.ae/category/computer-services?page=3
82,Al Furqan Computers,https://www.yello.ae//company/94502/al-furqan-computers,"Address: P.O Box: 63936, Deira, Dubai, UAE",https://www.yello.ae/category/computer-services?page=3
83,TouchActiv Glass Works LLC,https://www.yello.ae//company/349451/touchactiv-glass-works-llc,"Address: Rasal Khor Industrial Area 1, Dubai, UAE",https://www.yello.ae/category/computer-services?page=3
84,Future Art Broadcast Trading LLC,https://www.yello.ae//company/47315/future-art-broadcast-trading-llc,"Address: Box No. 98722, Dubai, UAE",https://www.yello.ae/category/computer-services?page=3
85,UBER FZCO,https://www.yello.ae//company/106836/uber-fze,"Address: Gate No. 5, South Side, Jebel Ali Freezone (JAFZ), Jebel Ali Free Zone (JAFZ), UAE",https://www.yello.ae/category/computer-services?page=3
86,Chipin Corporation,https://www.yello.ae//company/348264/chipin-corporation,"Address: M2, Park View Building, Al Majaz 2, Sharjah, UAE",https://www.yello.ae/category/computer-services?page=3
87,Guangzhou Computer Photocopier Printer Repair,https://www.yello.ae//company/350673/guangzhou-computer-photocopier-printer-repair-duba,"Address: Office No. 301, 3rd Floor, Janayen Holding Limited, Al Qouz 3rd , Dubai, UAE",https://www.yello.ae/category/computer-services?page=4
88,Shahriari Computer Trading Co LLC,https://www.yello.ae//company/67743/shahriari-computer-trading-co-llc,"Address: Naif Rd - Naif, Box No. 4070, Dubai, UAE",https://www.yello.ae/category/computer-services?page=4
89,Al Tasami Computer & Elect Devices Maint,https://www.yello.ae//company/189065/al-tasami-computerelect-devices-maint,"Address: PO Box No 19693, Butina Street Opposite Zulekha Hospital, Sharjah, UAE",https://www.yello.ae/category/computer-services?page=4
90,Alayoubi Technologies | Smart Home Automation,https://www.yello.ae//company/350543/alayoubi-technologies-llc,"Address: M Hotel Downtown by Millennium Dubai Office #405, UAE",https://www.yello.ae/category/computer-services?page=4
91,NIP Trading LLC,https://www.yello.ae//company/49242/n-i-p-trading-llc,"Address: Block Al Raffa, Bur Dubai , Near Hyde Park Hotel ,Dubai , UAE",https://www.yello.ae/category/computer-services?page=4
92,Al-shakhsiah Computer Devices Tr.,https://www.yello.ae//company/346091/al-shakhsiah-computer-devices-tr,"Address: Bu Tena - Al Sharq, Sharjah, UAE",https://www.yello.ae/category/computer-services?page=4
93,CCTV Cameras Installation,https://www.yello.ae//company/354599/al-saqer-warningcontrol-devices-tr-llc,"Address: Office No.3 Building No.1308 Behind Wesgreen School,Muwaileh Commercial, Sharjah, UAE",https://www.yello.ae/category/computer-services?page=4
94,Sunrise Computer & Network LLC ,https://www.yello.ae//company/348858/sunrise-computernetwork-llc,"Address: Near Emirates Future School , Shayabiya ME-10, Mussafah., Abu Dhabi, UAE",https://www.yello.ae/category/computer-services?page=4
95,Best Net International Trading LLC,https://www.yello.ae//company/94639/best-net-international-trading-llc,"Address:  21 Al Nahdha St - Al Fahidi, Dubai, UAE",https://www.yello.ae/category/computer-services?page=4
96,Realnet Technology Trading LLC,https://www.yello.ae//company/300913/realnet-technology-trading,"Address:  20 Al Nahdha St - Al Fahidi, Dubai, UAE",https://www.yello.ae/category/computer-services?page=4
97,Elecsys Integration LLC,https://www.yello.ae//company/300999/elecsys-integration-llc,"Address: P.O. Box: 98981, Dubai, UAE",https://www.yello.ae/category/computer-services?page=4
98,Logical Network Solutions,https://www.yello.ae//company/345135/logical-network-solutions,"Address: Office 1903 Tamani Arts Offices Business, Dubai, UAE",https://www.yello.ae/category/computer-services?page=4
99,Impulse Technologies LLC,https://www.yello.ae//company/355016/impulse-technologies-llc,"Address: international city, china cluster, E-02  Dubai-UAE",https://www.yello.ae/category/computer-services?page=4
100,Delicate Software Solutions,https://www.yello.ae//company/317492/delicate-software-solutions,"Address: Dubai, UAE",https://www.yello.ae/category/computer-services?page=4
101,GloTech System L.L.C,https://www.yello.ae//company/344830/glotech-system-llc,"Address: P.O.Box:- 241529, Dubai, UAE",https://www.yello.ae/category/computer-services?page=4
102,Interlink Technology LLC,https://www.yello.ae//company/347822/interlink-technology-llc,"Address: Hamdan Street Behind Emirates Market, Abu Dhabi, UAE",https://www.yello.ae/category/computer-services?page=4
103,iPad Rental Dubai - Techno Edge Systems L.L.C,https://www.yello.ae//company/351647/ipad-rental-dubai-techno-edge-systems-llc,"Address: Office No 5, 3rd Floor, Suk Al Kabeer Building Computer Street,Al Raffa Police Station Road., Dubai, UAE",https://www.yello.ae/category/computer-services?page=4
104,Shibaam Computers LLC,https://www.yello.ae//company/347399/shibaam-computers-llc,"Address: Sm4, Mezzanine Floor, Deira Towers, Opp. Baniyas Metro Station. , Dubai, UAE",https://www.yello.ae/category/computer-services?page=4
105,"Trionix - Development, Design, Digital Marketing",https://www.yello.ae//company/353925/trionix-development-design-digital-marketing,"Address: Hamdan Street, Abu Dhabi, UAE",https://www.yello.ae/category/computer-services?page=4
106,Mobisat IT Solution,https://www.yello.ae//company/344163/mobisat-it-solution,"Address: 104, Al Makhawi Building Oud Metha, Dubai, UAE",https://www.yello.ae/category/computer-services?page=4
107,Appleforce,https://www.yello.ae//company/357906/appleforce,"Address: ComNet International L.L.C Shop 13 & 14 Bayat Center Buil Bur Dubai, UAE",https://www.yello.ae/category/computer-services?page=4
108,Emirates Portal IT solutions,https://www.yello.ae//company/347867/emirates-portal-it-solutions,"Address: ME10 - 66th Street - Building No 2 - Office No M3, Abu Dhabi, UAE",https://www.yello.ae/category/computer-services?page=4
109,Landex Technologies LLC,https://www.yello.ae//company/89840/landex-technologies-llc,"Address: Box No. 16110, Dubai, UAE",https://www.yello.ae/category/computer-services?page=4
110,SanPaul International LLC,https://www.yello.ae//company/347184/sanpaul-it-is-l-l-c,"Address: Warehouse # 31A Al Qouz 2, Dubai, Near Jotun Paint Factory., UAE",https://www.yello.ae/category/computer-services?page=4
111,Al Furqan Computers,https://www.yello.ae//company/94502/al-furqan-computers,"Address: P.O Box: 63936, Deira, Dubai, UAE",https://www.yello.ae/category/computer-services?page=4
112,TouchActiv Glass Works LLC,https://www.yello.ae//company/349451/touchactiv-glass-works-llc,"Address: Rasal Khor Industrial Area 1, Dubai, UAE",https://www.yello.ae/category/computer-services?page=4
113,Future Art Broadcast Trading LLC,https://www.yello.ae//company/47315/future-art-broadcast-trading-llc,"Address: Box No. 98722, Dubai, UAE",https://www.yello.ae/category/computer-services?page=4
114,UBER FZCO,https://www.yello.ae//company/106836/uber-fze,"Address: Gate No. 5, South Side, Jebel Ali Freezone (JAFZ), Jebel Ali Free Zone (JAFZ), UAE",https://www.yello.ae/category/computer-services?page=4
115,Chipin Corporation,https://www.yello.ae//company/348264/chipin-corporation,"Address: M2, Park View Building, Al Majaz 2, Sharjah, UAE",https://www.yello.ae/category/computer-services?page=4
116,Guangzhou Computer Photocopier Printer Repair,https://www.yello.ae//company/350673/guangzhou-computer-photocopier-printer-repair-duba,"Address: Office No. 301, 3rd Floor, Janayen Holding Limited, Al Qouz 3rd , Dubai, UAE",https://www.yello.ae/category/computer-services?page=5
117,Shahriari Computer Trading Co LLC,https://www.yello.ae//company/67743/shahriari-computer-trading-co-llc,"Address: Naif Rd - Naif, Box No. 4070, Dubai, UAE",https://www.yello.ae/category/computer-services?page=5
118,Al Tasami Computer & Elect Devices Maint,https://www.yello.ae//company/189065/al-tasami-computerelect-devices-maint,"Address: PO Box No 19693, Butina Street Opposite Zulekha Hospital, Sharjah, UAE",https://www.yello.ae/category/computer-services?page=5
119,Alayoubi Technologies | Smart Home Automation,https://www.yello.ae//company/350543/alayoubi-technologies-llc,"Address: M Hotel Downtown by Millennium Dubai Office #405, UAE",https://www.yello.ae/category/computer-services?page=5
120,NIP Trading LLC,https://www.yello.ae//company/49242/n-i-p-trading-llc,"Address: Block Al Raffa, Bur Dubai , Near Hyde Park Hotel ,Dubai , UAE",https://www.yello.ae/category/computer-services?page=5
121,Al-shakhsiah Computer Devices Tr.,https://www.yello.ae//company/346091/al-shakhsiah-computer-devices-tr,"Address: Bu Tena - Al Sharq, Sharjah, UAE",https://www.yello.ae/category/computer-services?page=5
122,CCTV Cameras Installation,https://www.yello.ae//company/354599/al-saqer-warningcontrol-devices-tr-llc,"Address: Office No.3 Building No.1308 Behind Wesgreen School,Muwaileh Commercial, Sharjah, UAE",https://www.yello.ae/category/computer-services?page=5
123,Sunrise Computer & Network LLC ,https://www.yello.ae//company/348858/sunrise-computernetwork-llc,"Address: Near Emirates Future School , Shayabiya ME-10, Mussafah., Abu Dhabi, UAE",https://www.yello.ae/category/computer-services?page=5
124,Best Net International Trading LLC,https://www.yello.ae//company/94639/best-net-international-trading-llc,"Address:  21 Al Nahdha St - Al Fahidi, Dubai, UAE",https://www.yello.ae/category/computer-services?page=5
125,Realnet Technology Trading LLC,https://www.yello.ae//company/300913/realnet-technology-trading,"Address:  20 Al Nahdha St - Al Fahidi, Dubai, UAE",https://www.yello.ae/category/computer-services?page=5
126,Elecsys Integration LLC,https://www.yello.ae//company/300999/elecsys-integration-llc,"Address: P.O. Box: 98981, Dubai, UAE",https://www.yello.ae/category/computer-services?page=5
127,Logical Network Solutions,https://www.yello.ae//company/345135/logical-network-solutions,"Address: Office 1903 Tamani Arts Offices Business, Dubai, UAE",https://www.yello.ae/category/computer-services?page=5
128,Impulse Technologies LLC,https://www.yello.ae//company/355016/impulse-technologies-llc,"Address: international city, china cluster, E-02  Dubai-UAE",https://www.yello.ae/category/computer-services?page=5
129,Delicate Software Solutions,https://www.yello.ae//company/317492/delicate-software-solutions,"Address: Dubai, UAE",https://www.yello.ae/category/computer-services?page=5
130,GloTech System L.L.C,https://www.yello.ae//company/344830/glotech-system-llc,"Address: P.O.Box:- 241529, Dubai, UAE",https://www.yello.ae/category/computer-services?page=5
131,Interlink Technology LLC,https://www.yello.ae//company/347822/interlink-technology-llc,"Address: Hamdan Street Behind Emirates Market, Abu Dhabi, UAE",https://www.yello.ae/category/computer-services?page=5
132,iPad Rental Dubai - Techno Edge Systems L.L.C,https://www.yello.ae//company/351647/ipad-rental-dubai-techno-edge-systems-llc,"Address: Office No 5, 3rd Floor, Suk Al Kabeer Building Computer Street,Al Raffa Police Station Road., Dubai, UAE",https://www.yello.ae/category/computer-services?page=5
133,Shibaam Computers LLC,https://www.yello.ae//company/347399/shibaam-computers-llc,"Address: Sm4, Mezzanine Floor, Deira Towers, Opp. Baniyas Metro Station. , Dubai, UAE",https://www.yello.ae/category/computer-services?page=5
134,"Trionix - Development, Design, Digital Marketing",https://www.yello.ae//company/353925/trionix-development-design-digital-marketing,"Address: Hamdan Street, Abu Dhabi, UAE",https://www.yello.ae/category/computer-services?page=5
135,Mobisat IT Solution,https://www.yello.ae//company/344163/mobisat-it-solution,"Address: 104, Al Makhawi Building Oud Metha, Dubai, UAE",https://www.yello.ae/category/computer-services?page=5
136,Appleforce,https://www.yello.ae//company/357906/appleforce,"Address: ComNet International L.L.C Shop 13 & 14 Bayat Center Buil Bur Dubai, UAE",https://www.yello.ae/category/computer-services?page=5
137,Emirates Portal IT solutions,https://www.yello.ae//company/347867/emirates-portal-it-solutions,"Address: ME10 - 66th Street - Building No 2 - Office No M3, Abu Dhabi, UAE",https://www.yello.ae/category/computer-services?page=5
138,Landex Technologies LLC,https://www.yello.ae//company/89840/landex-technologies-llc,"Address: Box No. 16110, Dubai, UAE",https://www.yello.ae/category/computer-services?page=5
139,SanPaul International LLC,https://www.yello.ae//company/347184/sanpaul-it-is-l-l-c,"Address: Warehouse # 31A Al Qouz 2, Dubai, Near Jotun Paint Factory., UAE",https://www.yello.ae/category/computer-services?page=5
140,Al Furqan Computers,https://www.yello.ae//company/94502/al-furqan-computers,"Address: P.O Box: 63936, Deira, Dubai, UAE",https://www.yello.ae/category/computer-services?page=5
141,TouchActiv Glass Works LLC,https://www.yello.ae//company/349451/touchactiv-glass-works-llc,"Address: Rasal Khor Industrial Area 1, Dubai, UAE",https://www.yello.ae/category/computer-services?page=5
142,Future Art Broadcast Trading LLC,https://www.yello.ae//company/47315/future-art-broadcast-trading-llc,"Address: Box No. 98722, Dubai, UAE",https://www.yello.ae/category/computer-services?page=5
143,UBER FZCO,https://www.yello.ae//company/106836/uber-fze,"Address: Gate No. 5, South Side, Jebel Ali Freezone (JAFZ), Jebel Ali Free Zone (JAFZ), UAE",https://www.yello.ae/category/computer-services?page=5
144,Chipin Corporation,https://www.yello.ae//company/348264/chipin-corporation,"Address: M2, Park View Building, Al Majaz 2, Sharjah, UAE",https://www.yello.ae/category/computer-services?page=5
